Workbook

Sheet 115 kHz
A1: Efficiency (%) | B1: Output Load (CC) (A) | C1: Input Current (A)
A2: =100*('110 kHz'!$E$3*B2)/('110 kHz'!$E$2*C2) -> 55.401662 | B2: 1 | C2: 0.038 | D2: Input Voltage | E2: 580
A3: =100*('110 kHz'!$E$3*B3)/('110 kHz'!$E$2*C3) -> 70.175439 | B3: 2 | C3: 0.06 | D3: Output Voltage | E3: 12
A4: =100*('110 kHz'!$E$3*B4)/('110 kHz'!$E$2*C4) -> 77.97271 | B4: 3 | C4: 0.081
A5: =100*('110 kHz'!$E$3*B5)/('110 kHz'!$E$2*C5) -> 82.55934 | B5: 4 | C5: 0.102
A6: =100*('110 kHz'!$E$3*B6)/('110 kHz'!$E$2*C6) -> 85.579803 | B6: 5 | C6: 0.123
A7: =100*('110 kHz'!$E$3*B7)/('110 kHz'!$E$2*C7) -> 87.719298 | B7: 6 | C7: 0.144
A8: =100*('110 kHz'!$E$3*B8)/('110 kHz'!$E$2*C8) -> 89.314195 | B8: 7 | C8: 0.165
A9: =100*('110 kHz'!$E$3*B9)/('110 kHz'!$E$2*C9) -> 90.548953 | B9: 8 | C9: 0.186
A10: =100*('110 kHz'!$E$3*B10)/('110 kHz'!$E$2*C10) -> 91.093117 | B10: 9 | C10: 0.208
A11: =100*('110 kHz'!$E$3*B11)/('110 kHz'!$E$2*C11) -> 91.932889 | B11: 10 | C11: 0.229
A12: =100*('110 kHz'!$E$3*B12)/('110 kHz'!$E$2*C12) -> 92.262529 | B12: 11 | C12: 0.251
A13: =100*('110 kHz'!$E$3*B13)/('110 kHz'!$E$2*C13) -> 92.879257 | B13: 12 | C13: 0.272
A14: =100*('110 kHz'!$E$3*B14)/('110 kHz'!$E$2*C14) -> 93.089868 | B14: 13 | C14: 0.294
A15: =100*('110 kHz'!$E$3*B15)/('110 kHz'!$E$2*C15) -> 93.567251 | B15: 14 | C15: 0.315
... A33: =100*('110 kHz'!$E$3*B33)/('110 kHz'!$E$2*C33) -> 94.8851 | B33: 32 | C33: 0.71

Sheet 110 kHz
A1: Efficiency | B1: Output Load (Current) | C1: Input Current
A2: =($E$3*B2)/($E$2*C2) -> 0.51347882 | B2: 1 | C2: 0.041 | D2: Input Voltage | E2: 570
A3: =($E$3*B3)/($E$2*C3) -> 0.66833751 | B3: 2 | C3: 0.063 | D3: Output Load (V) | E3: 12
A4: =($E$3*B4)/($E$2*C4) -> 0.74303406 | B4: 3 | C4: 0.085
A5: =($E$3*B5)/($E$2*C5) -> 0.79443893 | B5: 4 | C5: 0.106
A6: =($E$3*B6)/($E$2*C6) -> 0.82236842 | B6: 5 | C6: 0.128
A7: =($E$3*B7)/($E$2*C7) -> 0.84775698 | B7: 6 | C7: 0.149
A8: =($E$3*B8)/($E$2*C8) -> 0.88244564 | B8: 7 | C8: 0.167
A9: =($E$3*B9)/($E$2*C9) -> 0.89111668 | B9: 8 | C9: 0.189
A10: =($E$3*B10)/($E$2*C10) -> 0.89797955 | B10: 9 | C10: 0.211
A11: =($E$3*B11)/($E$2*C11) -> 0.90354642 | B11: 10 | C11: 0.233
A12: =($E$3*B12)/($E$2*C12) -> 0.99818512 | B12: 11 | C12: 0.232
A13: =($E$3*B13)/($E$2*C13) -> 0.99461252 | B13: 12 | C13: 0.254
A14: =($E$3*B14)/($E$2*C14) -> 0.99160946 | B14: 13 | C14: 0.276
A15: =($E$3*B15)/($E$2*C15) -> 1.0678871 | B15: 14 | C15: 0.276
... A17: =($E$3*B17)/($E$2*C17) -> 1.1219271 | B17: 17 | C17: 0.319
A18: =($E$3*B18)/($E$2*C18) -> 0.82379863 | B18: 18 | C18: 0.46 | D18: Changed afterwards
A19: =($E$3*B19)/($E$2*C19) -> 0.92807425 | B19: 19 | C19: 0.431
A20: =($E$3*B20)/($E$2*C20) -> 0.92947601 | B20: 20 | C20: 0.453
A21: =($E$3*B21)/($E$2*C21) -> 0.93074792 | B21: 21 | C21: 0.475
A22: =($E$3*B22)/($E$2*C22) -> 0.93003593 | B22: 22 | C22: 0.498
A23: =($E$3*B23)/($E$2*C23) -> 0.93117409 | B23: 23 | C23: 0.52
A24: =($E$3*B24)/($E$2*C24) -> 0.93221985 | B24: 24 | C24: 0.542
A25: =($E$3*B25)/($E$2*C25) -> 0.93318402 | B25: 25 | C25: 0.564
A26: =($E$3*B26)/($E$2*C26) -> 0.93248453 | B26: 26 | C26: 0.587
A27: =($E$3*B27)/($E$2*C27) -> 0.9333679 | B27: 27 | C27: 0.609
A28: =($E$3*B28)/($E$2*C28) -> 0.93271153 | B28: 28 | C28: 0.632
A29: =($E$3*B29)/($E$2*C29) -> 0.93352648 | B29: 29 | C29: 0.654
A30: =($E$3*B30)/($E$2*C30) -> 0.93290834 | B30: 30 | C30: 0.677
A31: =($E$3*B31)/($E$2*C31) -> 0.93366463 | B31: 31 | C31: 0.699 | D31: Output hits 12V at this load
A32: =($E$3*B32)/($E$2*C32) -> 0.93308062 | B32: 32 | C32: 0.722
